{
  "observations": 10,
  "running_loss": 34.61714764917187,
  "last_loss": 3.3447828473208996,
  "lr": 0.01,
  "parameters": [
    0.8130042618034446,
    -0.3207433817001011,
    -0.236139235109959,
    -0.7759722487376077,
    0.43066492940041257,
    -0.8115909913728677,
    -0.42141985767131335,
    0.6619327664133166,
    0.0186128411009358,
    0.3534586600195995,
    0.4955088186681208,
    -0.7600384153474972,
    -0.5751721164774857,
    0.25932499808922993,
    0.5587035427902449,
    -0.32408947405090377,
    -0.3954235135096251,
    -0.024739796231123472,
    -0.23233652667647242,
    0.6082575690365031,
    0.3884109674730858,
    0.3587001489159593,
    0.023975695107418125,
    -0.1973500940813363,
    0.6536927544957368,
    0.9530836722634681,
    -0.015494280442106222,
    0.05449292532257304,
    -0.7765790644675821,
    0.6101575336090065,
    -0.6334281298775306,
    -0.8913072129910362,
    -0.007571903125571033,
    -0.304350160937831,
    -0.512722492307484,
    -0.0014182867883380653,
    0.8460968538172831,
    -0.5650748343303325,
    0.063574679054919,
    -0.9856654928330141,
    0.41975100815557304,
    -0.29579871889375026,
    -0.7904997430431313,
    -0.46896730194071856,
    0.0029822987976326565,
    0.04986411478601403,
    -0.5834667500430415,
    0.17397142328605167,
    -0.5311545542723447,
    -0.581765431275507,
    -0.4247014065774187,
    0.15514268992894759,
    0.8699465305501138,
    -0.007675364804415783,
    -0.431806707384522,
    0.07534852310831905,
    -0.9568213207094124,
    -0.05867095405585106,
    0.12563028647093044,
    0.4118923293030807,
    -0.4281285370682424,
    0.011013987140582734,
    -0.020274949004183883,
    0.7511423265206542,
    -0.5558677606536845,
    0.5343434717924359,
    -0.6877406480855229,
    -0.40409749190728617,
    0.41659878063231526,
    0.908975163307197,
    0.6938316741659916,
    0.004998114481840125,
    0.2636164507683308,
    -0.6078596584749103,
    0.379646761976536,
    -0.1911537172234833,
    -0.08820331112348782,
    0.6519864181350566,
    0.8045182165488995,
    -0.34551622891098416,
    0.00849121464100287,
    -0.6168482230235415,
    -0.5522130749525141,
    -0.977341569083543,
    -0.9944282354992418,
    -0.9363609316333817,
    0.22155407120505352,
    -0.7506234750337899,
    0.6536396961139822,
    0.0028974347547990023,
    -0.5298254158514623,
    0.14331735812438967,
    0.7459014879652845,
    0.028035889352347118,
    0.522106307544323,
    0.6302039776624593,
    0.15729795049756043,
    -0.418807103902972,
    -0.015217549564390722,
    0.54530430339702,
    -0.9849975274529318,
    0.21149939955702804,
    0.342692189504596,
    0.10497835313562874,
    -0.5516764856885722,
    0.03231469022252769,
    0.12442466457348836,
    0.008692924598926286,
    -0.18682876694955822,
    0.08634213158572952,
    -0.7059911895091329,
    -0.09485232841300825,
    -0.918799927031179,
    0.3212909555685526,
    -0.3203425411042816,
    -0.43034381222422546,
    -1.9146264426011207e-05,
    -0.01518339233067083,
    0.33445418389352405,
    0.3920420100603409,
    0.5515947926306924,
    0.8063890617602779,
    -0.8219423510910103,
    0.35564030504369065,
    0.27132238054468255,
    -0.0012724891784210868,
    0.6560777828422903,
    0.39138525323742335,
    -0.7460748181899007,
    -0.35876211183257767,
    0.06492852506590957,
    -0.5427266275709294,
    0.2851786195068252,
    0.48540606224995364,
    0.0038734301107538035,
    0.39983859642995023,
    -0.4791462661911847,
    0.36094481770847686,
    -0.1844447256958179,
    0.5469006766193414,
    -0.7821443511421823,
    -0.8071887791018776,
    -0.6007267977103632,
    0.013379971838425557,
    -0.23175354480007077,
    -0.7374688181318165,
    0.6665171700241074,
    -0.9346902146021261,
    -0.48121434972307114,
    -0.07483902755174357,
    0.9569594697661857,
    -0.0990135269011924,
    -0.1925383336964572,
    -0.03554717596523084,
    0.5563138612786723,
    -0.3287418557354297,
    -0.8551182117263941,
    0.47502667597400566,
    0.03591205324894809,
    0.810679527949053,
    0.00043567508147150945,
    0.40926069308477697,
    0.7832677533542433,
    0.9991168046625601,
    0.1141947454911073,
    -0.05376266372609666,
    -0.48014463393483475,
    -0.45715961978922715,
    -0.6787250043670304,
    0.013520757817145361,
    -0.7482825140532501,
    -0.6154654774320163,
    0.1083633253825865,
    -0.7908153901533845,
    -0.33957277687451054,
    -0.6870402663308425,
    -0.21964534038954805,
    -0.0009429269424470427,
    -0.07020583170323158,
    0.17635487180523846,
    -0.876205088211383,
    0.20526248968634744,
    -0.7097239883072362,
    0.447279972923366,
    0.20855732342332112,
    -0.24771903343818324,
    0.6546243512440707,
    0.7144854762427775,
    -0.6177930912222119,
    0.5350875361548934,
    -0.2740584326985923,
    0.8078694503242376,
    0.17391784679841388,
    -0.5401282095672736,
    0.010022569798257152,
    0.9460377059073444,
    -0.7859161898788226,
    -0.86135285896601,
    -0.7816793337124172,
    -0.808703888833303,
    -0.42044106866935366,
    0.20446383017113912,
    0.19571373063644065,
    -0.3558697250298467,
    0.09422502305162454,
    -0.4828399191985396,
    -0.8760064566552239,
    0.6165878960303549,
    -0.8307435907359836,
    -0.5048032787475195,
    0.5258564803011345,
    0.00917564739230583,
    -0.42138788214845546,
    -0.8224912646075289,
    0.639726949136905,
    -0.03950514347442422,
    0.40827072735216735,
    0.6206612645141742,
    -0.2198877847002025,
    -0.22640612862750323,
    0.41812312069842733,
    -0.2648235594557005,
    0.48924321567434004,
    -0.5213873601907596,
    -0.9762531763725943,
    -0.6568337592541469,
    0.9147418786410983,
    0.24519101511280084,
    0.014068573271469119,
    -0.17138758043888663,
    -0.5444251436879611,
    -0.6562951084863747,
    -0.17302044735074618,
    -0.29892133125777565,
    -0.25690624821465574,
    -0.6426883860480501,
    -0.8764737869907501,
    0.953811906934857,
    -0.057653334281835146,
    0.36122804648663426,
    0.043129980096462975,
    0.7747119960292796,
    0.3606163073491131,
    -0.13134121425351017,
    0.8788502525480298,
    0.004738120475174032,
    -0.7699697771787537,
    0.5737208231614747,
    0.9051686827093859,
    -0.017911996346875753,
    -0.6146003900255149,
    0.9416815124745492,
    0.41587045905540143,
    -0.9686284502130035,
    0.2546098571236814,
    -0.832902615250763,
    0.8608448317474757,
    -0.8202222617345761,
    -0.05589646290275564,
    0.054361806077295856,
    -0.5162851239242588,
    -0.9003558751163544,
    -0.02389999039779975,
    0.8769496614079899,
    0.37291991647485145,
    -0.09838838068278265,
    -0.21006220028663403,
    -0.080636595948501,
    0.21254553514020838,
    -0.8127442612343924,
    -0.6246587172587629,
    0.13570313973026332,
    0.6353976372368,
    0.37477363186228285,
    -0.04301444262439413,
    0.2940664520998163,
    0.25042689786881245,
    -0.7641855920807422,
    -0.955777874797157,
    0.016431165307513155,
    0.13127098641029988,
    -0.540405322807575,
    0.8354217993246204,
    0.7444021534231414,
    0.6642648806856655,
    0.5767834546819096,
    -0.897981486079971,
    0.7052149533491198,
    0.028636983016687045
  ]
}