{
  "observations": 310,
  "running_loss": 44.429873660764166,
  "last_loss": 0.03672684187625222,
  "lr": 0.01,
  "parameters": [
    0.8732034975748764,
    -0.27456490088725,
    -0.19717577717450854,
    -0.7522482927090738,
    0.47165165658618297,
    -0.8105178887152125,
    -0.41712783675951454,
    0.6920323842990331,
    0.07881207687236776,
    0.2681805778409458,
    0.43068017813352644,
    -0.8038545562620455,
    -0.6093215455218799,
    0.20060203959333822,
    0.5573963199752237,
    -0.32969764201494134,
    -0.43806255459895194,
    -0.11001787840977671,
    -0.2859455255026449,
    0.5669507990938681,
    0.3651340915072641,
    0.33738878690192986,
    -0.013073439275370281,
    -0.1980939749225524,
    0.6501265936400764,
    0.9262791728503821,
    -0.06910327926827858,
    0.04120063479455416,
    -0.7871872781749496,
    0.6005220942930118,
    -0.6385136823163681,
    -0.9005440481461406,
    -0.007813816031283711,
    -0.30518705968166837,
    -0.5193686375714945,
    -0.014710577316357012,
    0.8084991494738714,
    -0.5950980223458321,
    0.05025487987400584,
    -1.0002880937795509,
    0.393331263567308,
    -0.2962461346325529,
    -0.7927183574154175,
    -0.4877661541124244,
    -0.03461540554577918,
    0.023845310315012944,
    -0.6032511212907025,
    0.15320666950010184,
    -0.5414224801673756,
    -0.5998836646546399,
    -0.4251954771327368,
    0.15352988186875208,
    0.8569371283146137,
    -0.033694169275416914,
    -0.47724189798649114,
    0.04104467731786652,
    -0.975121266396739,
    -0.07706980913717583,
    0.09463289384832291,
    0.41126235724227655,
    -0.4312573240393843,
    -0.01170360816040153,
    -0.06571013960615238,
    0.7175392256932623,
    -0.5819992171220818,
    0.5181223666257352,
    -0.7010819552467926,
    -0.42854598095734225,
    0.41618426603156733,
    0.9074607883752606,
    0.6770301237522958,
    -0.02860498634555178,
    0.326981269372121,
    -0.5595830876117369,
    0.41638255648164707,
    -0.16585672952541092,
    -0.04329519048258754,
    0.6529300326126639,
    0.8080665774318296,
    -0.3138338196090888,
    0.07185603324479334,
    -0.6120550644659576,
    -0.5486577320102822,
    -0.9760920209417681,
    -0.9924718605195254,
    -0.9332878086339859,
    0.22162372798091015,
    -0.7501562801613263,
    0.6560362753927746,
    0.007690593312382749,
    -0.5442504091845193,
    0.13261609321643472,
    0.7425126671231803,
    0.02220925220789754,
    0.5132322334200172,
    0.629988479546038,
    0.15565702078928498,
    -0.4260196005695005,
    -0.029642542897447804,
    0.5485970575101489,
    -0.9835123099774786,
    0.21918602491730937,
    0.34424227252904216,
    0.10692702627473946,
    -0.5515208003598759,
    0.03281142918964638,
    0.12607104163005203,
    0.011985678712053967,
    -0.1768280790948827,
    0.09415782843293374,
    -0.7005107872060129,
    -0.09094037543016818,
    -0.9113425330551516,
    0.3214119391335584,
    -0.3199426494047869,
    -0.4253434682968872,
    0.009981541590249395,
    -0.012688699701526954,
    0.3363435107807882,
    0.3938347410750886,
    0.5525678245112824,
    0.8083175590517921,
    -0.82191087371037,
    0.3557405939874543,
    0.27256972685925407,
    0.001222203450722786,
    0.6421212003810851,
    0.37958978723373793,
    -0.7580625647333861,
    -0.3638551863227926,
    0.05514263079102079,
    -0.5430144242913696,
    0.2844176198552178,
    0.478427771019351,
    -0.010083152350451421,
    0.4400378054651663,
    -0.4488725604491805,
    0.387458958244392,
    -0.16832310307685586,
    0.5753342410340054,
    -0.7814891328760603,
    -0.8049666719146721,
    -0.5806271931927544,
    0.05357918087364148,
    -0.23073809330769599,
    -0.7374108287473445,
    0.6675555117841785,
    -0.9359770931111429,
    -0.4812595412665241,
    -0.0755656993471711,
    0.956109919396802,
    -0.09857356348372044,
    -0.19280725542562827,
    -0.03693256715890775,
    0.5562397412128028,
    -0.3285083220573816,
    -0.8563003937027305,
    0.4762505669165977,
    0.036856444458105174,
    0.8109032170945892,
    0.0018739426146040551,
    0.40500385883655776,
    0.7846263570004893,
    0.9936431143394067,
    0.11977434170579287,
    -0.05413606767118309,
    -0.47715025737726874,
    -0.4519417497357899,
    -0.6821956934024684,
    0.014121265865455222,
    -0.741675894594724,
    -0.6174465935940339,
    0.10680113011193311,
    -0.7847500880981318,
    -0.3455876780443133,
    -0.6900672804236733,
    -0.2216111443858571,
    -0.00766217221005433,
    -0.04928658124476569,
    0.1776584269010145,
    -0.8548854382133049,
    0.1787862245319494,
    -0.7105819274420296,
    0.4322095579641353,
    0.19109013669289635,
    -0.2389202575978795,
    0.648911462284805,
    0.6860073263956251,
    -0.6192406718547699,
    0.539673191680821,
    -0.29841971238356924,
    0.8330844117591961,
    0.19345031245735847,
    -0.5353794065556723,
    0.0395686667774197,
    0.9753116537667118,
    -0.7863355193366485,
    -0.8302664708405719,
    -0.8187180642397582,
    -0.8091557244432079,
    -0.4417341257991479,
    0.1778080793752173,
    0.20968171422769866,
    -0.36331063047796613,
    0.05357723280287763,
    -0.48144299861924544,
    -0.869439934844677,
    0.5811087948617534,
    -0.7943926956022843,
    -0.47877538214045773,
    0.5342243987964637,
    0.051108255294066825,
    -0.4032657348183531,
    -0.8226129785871558,
    0.658167643724985,
    -0.062273674184562776,
    0.4072493494981208,
    0.6077751460145792,
    -0.2355817224708002,
    -0.21835726043052117,
    0.41399972147250597,
    -0.28950238149707397,
    0.4883427327546585,
    -0.517018337885424,
    -0.9973790642972497,
    -0.6349984443281917,
    0.9311125222940805,
    0.24961366911702423,
    0.03964769063207811,
    -0.13334844683516678,
    -0.554007967212241,
    -0.6130682776982318,
    -0.22063262745351825,
    -0.2966565149569049,
    -0.2840776142431045,
    -0.6836354015578282,
    -0.8526924602072774,
    0.9484368812816902,
    -0.11234098429563637,
    0.3731322078803703,
    0.055709148525183175,
    0.7250943976657013,
    0.4103548907619382,
    -0.10414112579443754,
    0.8960852527541967,
    0.06057816156453504,
    -0.8013721633124142,
    0.5810612995291518,
    0.8681363671547677,
    0.022482182845620993,
    -0.6151641575052881,
    0.9634114716414803,
    0.4503144828088783,
    -0.9903858346587678,
    0.2589145522995512,
    -0.7864486608379696,
    0.8526255971986267,
    -0.8310286243849705,
    -0.014390537829812845,
    0.012628015998946302,
    -0.5403307662684939,
    -0.9121489927501044,
    -0.07149364458723839,
    0.9212159709987302,
    0.36547348062426693,
    -0.04759994333339108,
    -0.26664128906431556,
    -0.07964404435048464,
    0.1810366885962095,
    -0.8590700636405685,
    -0.5971430747646796,
    0.12755367504277343,
    0.5711363346163649,
    0.3846069110980566,
    -0.02976565992558501,
    0.23672766219127428,
    0.30830795896310836,
    -0.7288526937810763,
    -0.9395383693292948,
    0.08231210594672758,
    0.22801443297999033,
    -0.44627943634132483,
    0.7565111494802782,
    0.6841752604865377,
    0.7444036202875184,
    0.5564523905910562,
    -0.9679417621593155,
    0.6838823513623576,
    0.129542092291377
  ]
}