{
  "phase": "LIQUID",
  "temperature_sonnet": 1.0,
  "temperature_haiku": 0.8,
  "stability": 1.0,
  "transition_prob": 0.0,
  "duration": 55,
  "observations": 55,
  "dissonance_history": [
    0.75,
    0.6,
    0.738365800865801,
    0.7052679429120352,
    0.7132142857142858,
    0.6,
    0.7401877761413844,
    0.7368253968253968,
    0.7132142857142858,
    0.7401877761413844,
    0.7373809523809525,
    0.7132142857142858,
    0.7410714285714286,
    0.7373809523809525,
    0.7132142857142858,
    0.738365800865801,
    0.7373809523809525,
    0.7132142857142858,
    0.6,
    0.6
  ],
  "novelty_history": [
    0.4,
    0.38,
    0.36,
    0.33999999999999997,
    0.31999999999999995,
    0.30000000000000004,
    0.28,
    0.26,
    0.24,
    0.21999999999999997,
    0.19999999999999996,
    0.18000000000000005,
    0.16000000000000003,
    0.14,
    0.12,
    0.1,
    0.1,
    0.1,
    0.1,
    0.1
  ],
  "quality_history": [
    0.5,
    0.8,
    0.5232683982683982,
    0.5894641141759297,
    0.5735714285714285,
    0.8,
    0.5196244477172312,
    0.5263492063492062,
    0.5735714285714285,
    0.5196244477172312,
    0.5252380952380952,
    0.5735714285714285,
    0.5178571428571428,
    0.5252380952380952,
    0.5735714285714285,
    0.5232683982683982,
    0.5252380952380952,
    0.5735714285714285,
    0.8,
    0.8
  ]
}